{"12":{"Gamma":[0.39927,0.287497,0.39927,2.15221e-11,0.314812,1.86816e-11,0.306149,2.39254e-11,0.29534,0.183906,0.00847144,3.35214e-12,0.235025,1.75172e-12,0.290079,1.42332e-12,0.321893,1.31128e-12,0.134125,2.06148e-12,0.0966008,0.0542171,0.0696795],"c":[0.0,0.39927,0.79854,0.9444359999999999,1.030319,1.057466,0.21481356000000001,0.36147259,0.55269714,0.7674795999999999,0.9008564800000001,0.9974572800000001],"Lambda":[1.0,0.720057,0.279943,0.211529,0.788471,0.233227,0.766773,0.260301,0.739699,0.978783,0.0212173,0.411362,0.588638,0.273477,0.726523,0.193796,0.806204,0.000973787,0.999026,8.22221e-11,1.0,0.121664,0.878336]},"20":{"Gamma":[0.266996,0.19027,0.266996,5.92712e-11,0.226699,4.50242e-11,0.21719,4.31358e-11,0.215159,5.82891e-11,0.211611,0.164292,0.00509858,7.03512e-12,0.176135,6.95745e-12,0.198549,5.33674e-12,0.151012,5.03181e-12,0.0898437,5.53211e-12,0.0715412,7.34325e-12,0.0607248,1.16664e-11,0.0531953,2.45406e-11,0.047786,1.04561e-10,0.0437095,0.00971089,0.0405113,0.00587732,0.0389272,0.00510954,0.0372706,0.00576409,0.0355459],"c":[0.0,0.266996,0.533992,0.6800970000000001,0.77042,0.8359989999999999,0.874194,0.18608409999999995,0.29889339000000004,0.42081769,0.526067518,0.601945266,0.6734841619999999,0.734208962,0.7874042619999999,0.8351902619999999,0.8788997619999999,0.9291219619999999,0.9557464880000002,0.9798368260000001],"Lambda":[1.0,0.712631,0.287369,0.150929,0.849071,0.186544,0.813456,0.19415,0.80585,0.207438,0.792562,0.980904,0.0190961,0.34031,0.65969,0.25636,0.74364,0.108746,0.891254,0.0265474,0.973453,1.89186e-6,0.999998,1.79142e-10,1.0,8.66598e-11,1.0,6.93004e-11,1.0,8.55407e-11,1.0,8.34767e-10,1.0,0.0195679,0.980432,0.0191371,0.980863,0.0215813,0.978419]},"6":{"Gamma":[0.610473,0.052937,0.416658,0.293559,0.113507,2.68154e-12,0.561021,4.13561e-12,0.405636,0.107684,0.101559],"c":[0.0,0.610473,0.5255759999999999,0.4326114999999999,0.6649488,1.0705848],"Lambda":[1.0,0.908298,0.0917015,0.951395,0.0486046,0.759766,0.240234,6.99957e-11,1.0,0.261379,0.738621]},"11":{"Gamma":[0.473145,0.290412,0.462474,2.60478e-11,0.369744,2.24186e-11,0.362102,2.84458e-11,0.350497,0.196697,0.00756583,3.38144e-12,0.256132,1.87023e-12,0.324934,1.57781e-12,0.376558,1.95099e-12,0.150001,0.0679795,0.0916782],"c":[0.0,0.473145,0.924948,1.092554,1.198242,1.23813,0.22406088,0.37742473000000004,0.58413236,0.841446997,0.9914479970000001],"Lambda":[1.0,0.636344,0.363656,0.218541,0.781459,0.234693,0.765307,0.259219,0.740781,0.984009,0.0159905,0.45866,0.54134,0.313247,0.686753,0.204138,0.795862,1.31082e-10,1.0,0.152409,0.847591]},"13":{"Gamma":[0.350928,0.237812,0.350928,2.5973e-11,0.305085,2.04465e-11,0.284897,2.02941e-11,0.282201,2.84236e-11,0.277997,0.190829,0.00580721,2.71538e-12,0.21574,1.57418e-12,0.258136,1.23815e-12,0.28584,1.21408e-12,0.187243,1.90929e-12,0.11191,0.0509812,0.0763048],"c":[0.0,0.350928,0.701856,0.9152549999999999,1.027937,1.108822,1.156379,0.21577219,0.34839018,0.5144062199999999,0.7048375379999999,0.8831201560000002,0.9950301560000001],"Lambda":[1.0,0.677667,0.322333,0.130635,0.869365,0.188161,0.811839,0.195844,0.804156,0.207823,0.792177,0.983452,0.0165481,0.385229,0.614771,0.264419,0.735581,0.185474,0.814526,0.0127129,0.987287,4.11761e-11,1.0,0.122927,0.877073]},"15":{"Gamma":[0.299797,0.238841,0.299797,7.22502e-9,0.250045,5.43658e-9,0.244052,5.16217e-9,0.242253,6.92041e-9,0.23866,0.192543,0.00632128,7.5446e-10,0.189767,7.83353e-10,0.227153,6.3054e-10,0.225372,7.2123e-10,0.122908,1.0984e-9,0.0964361,2.82648e-9,0.0801672,0.00210301,0.0697084,0.0336351,0.0574932],"c":[0.0,0.299797,0.599594,0.750135,0.854705,0.932901,0.9813149999999999,0.21955563000000003,0.32874190999999997,0.47623801,0.63108427,0.74609934,0.84253544,0.92270264,0.9945140400000001],"Lambda":[1.0,0.796675,0.203325,0.165954,0.834046,0.185942,0.814058,0.191945,0.808055,0.20393,0.79607,0.978915,0.0210852,0.367015,0.632985,0.242311,0.757689,0.148089,0.851911,0.0125064,0.987494,1.28005e-8,1.0,6.42812e-9,1.0,7.35603e-9,1.0,0.0861144,0.913886]},"16":{"Gamma":[0.290885,0.140452,0.290885,7.12448e-11,0.243132,5.37828e-11,0.236217,5.12133e-11,0.234279,6.88172e-11,0.230631,0.184921,0.00604109,7.85628e-12,0.187687,7.97684e-12,0.219552,6.71232e-12,0.200901,6.7698e-12,0.112812,8.93146e-12,0.0890232,1.64862e-11,0.0746737,5.53496e-11,0.0651179,0.0107199,0.05839,0.0224971,0.0517289],"c":[0.0,0.290885,0.58177,0.7293959999999999,0.828534,0.90158,0.94546,0.21059694,0.32356961,0.46377371999999994,0.60225374,0.70235555,0.79137875,0.86605245,0.9311703499999999,1.0002802499999999],"Lambda":[1.0,0.482843,0.517157,0.164164,0.835836,0.187938,0.812062,0.194598,0.805402,0.20714,0.79286,0.979232,0.020768,0.354774,0.645226,0.245226,0.754774,0.134593,0.865407,0.0211049,0.978895,4.0111e-10,1.0,1.23228e-10,1.0,1.09085e-10,1.0,2.06664e-9,1.0,0.0744865,0.925514]},"14":{"Gamma":[0.312775,0.226742,0.312775,2.03071e-9,0.281366,1.60768e-9,0.255598,1.60619e-9,0.252373,2.26385e-9,0.247751,0.177674,0.00606678,2.58579e-10,0.200849,1.45038e-10,0.237704,1.09789e-10,0.258011,9.86664e-11,0.172858,1.15239e-10,0.101608,1.91781e-10,0.0789945,0.0429205,0.0603225],"c":[0.0,0.312775,0.62555,0.844098,0.945391,1.015195,1.051894,0.2041435,0.33194032,0.4899732,0.66219457,0.81708911,0.91869711,0.99769161],"Lambda":[1.0,0.724936,0.275064,0.100419,0.899581,0.182804,0.817196,0.193116,0.806884,0.207894,0.792106,0.980603,0.0193966,0.357848,0.642152,0.240017,0.759983,0.175089,0.824911,0.0271284,0.972872,3.96672e-9,1.0,3.25819e-9,1.0,0.101167,0.898833]},"7":{"Gamma":[1.0,0.144125,0.716542,0.185688,0.0266458,2.37119e-9,0.428847,3.24638e-10,0.60828,3.45488e-10,0.181857,0.105689,0.105585],"c":[0.0,1.0,1.218973,0.2351085,0.49954487999999997,0.82134501,0.9890618099999999],"Lambda":[1.0,0.641694,0.358306,0.981316,0.0186837,0.699297,0.300703,0.573481,0.426519,0.0172162,0.982784,0.202552,0.797448]},"8":{"Gamma":[0.78323,0.210782,0.536651,4.11587e-11,0.459845,0.231275,0.0232881,4.45377e-12,0.382523,2.54532e-12,0.518728,3.11985e-12,0.203794,0.0854842,0.102989],"c":[0.0,0.78323,0.992116,0.9542109999999999,0.27864258,0.49802230000000003,0.79866634,1.00246034],"Lambda":[1.0,0.687597,0.312403,0.501705,0.498295,0.974765,0.0252353,0.585493,0.414507,0.437899,0.562101,4.35963e-11,1.0,0.190465,0.809535]},"17":{"Gamma":[0.283555,0.184853,0.283555,6.96184e-11,0.238343,5.25939e-11,0.230767,5.01243e-11,0.228866,6.74122e-11,0.225302,0.178238,0.00570591,7.77513e-12,0.183741,7.91549e-12,0.212371,6.44586e-12,0.182886,6.36897e-12,0.106561,8.11974e-12,0.084241,1.3805e-11,0.0705691,3.71584e-11,0.061489,0.00154737,0.0551083,0.0149575,0.0495018,0.0143027,0.0483002],"c":[0.0,0.283555,0.56711,0.715029,0.8126800000000001,0.8848050000000001,0.928335,0.20262535000000007,0.31504018,0.44832213,0.57529994,0.67076263,0.75500363,0.82557273,0.88706173,0.94371743,0.98700327],"Lambda":[1.0,0.65191,0.34809,0.159448,0.840552,0.186167,0.813833,0.19287,0.80713,0.205438,0.794562,0.979877,0.0201227,0.35201,0.64799,0.251044,0.748956,0.124705,0.875295,0.0192897,0.98071,2.52471e-10,1.0,8.70093e-11,1.0,6.3735e-11,1.0,8.30667e-11,1.0,0.0224374,0.977563,0.0502585,0.949741]},"10":{"Gamma":[0.5801774807348781,0.277417922377533,0.4246909440456424,2.91864e-11,0.3852375727963142,3.06165e-11,0.3555867810453154,0.2144917481287411,0.0145639275107956,3.2062e-12,0.3053566040927783,2.0217e-12,0.3668577452121914,1.6537e-12,0.2596556653402283,2.6306e-12,0.1285869610319747,0.0615546206861932,0.0820758149079128],"c":[0.0,0.580177480734878,0.849381888003236,0.949226744603282,0.937361313412918,0.252585824034633,0.438296526814728,0.644001345007665,0.875228468077886,1.00381542908022],"Lambda":[1.0,0.7461586730434318,0.2538413269565682,0.3360004731162419,0.6639995268837581,0.3871068892184111,0.6128931107815889,0.9748974615674895,0.0251025384325105,0.4736841498257829,0.5263158501742171,0.3676801369895344,0.6323198630104656,0.0441436069847376,0.9558563930152624,3.68702e-11,0.9999999999631298,0.1468854337190545,0.8531145662809454]},